feature,mean_abs_shap
s_cnt_21d,0.7818895793357923
s_recency_days,0.5183594798275876
s_cnt_10d,0.42115447806327166
s_cnt_7d,0.271793519193873
pois_p0_sent_7,0.21749382069387088
pois_p0_sent_14,0.16937411222947857
s_cnt_14d,0.13878642492120302
s_cnt_all,0.12353534905571119
... (truncated to match original file)